{"test_accuracy": [8175, 9066, 9268, 9258, 9374, 9402, 9385, 9409, 9443, 9386, 9430, 9436, 9441, 9454, 9480, 9438, 9449, 9453, 9466, 9497, 9470, 9495, 9492, 9485, 9503, 9522, 9512, 9475, 9482, 9522, 9498], "acc_by_class": [[96.22448979591837, 97.24489795918367, 97.0408163265306, 97.44897959183673, 97.24489795918367, 98.06122448979592, 98.06122448979592, 97.95918367346938, 97.34693877551021, 97.85714285714285, 96.93877551020408, 97.95918367346938, 97.44897959183673, 97.95918367346938, 97.95918367346938, 98.36734693877551, 97.75510204081633, 97.44897959183673, 96.83673469387755, 98.46938775510205, 98.26530612244898, 98.67346938775509, 98.16326530612245, 97.14285714285714, 96.93877551020408, 98.06122448979592, 97.44897959183673, 97.55102040816327, 98.26530612244898, 98.16326530612245, 98.16326530612245], [97.97356828193833, 97.3568281938326, 95.15418502202643, 98.23788546255507, 99.03083700440529, 98.6784140969163, 97.79735682819384, 98.06167400881057, 97.53303964757708, 97.70925110132158, 97.3568281938326, 98.14977973568281, 97.3568281938326, 97.09251101321586, 98.23788546255507, 98.85462555066078, 98.50220264317181, 98.06167400881057, 97.88546255506608, 98.14977973568281, 98.23788546255507, 97.62114537444934, 97.70925110132158, 98.06167400881057, 97.79735682819384, 98.14977973568281, 98.23788546255507, 97.70925110132158, 98.85462555066078, 97.70925110132158, 98.23788546255507], [88.66279069767442, 85.94961240310077, 87.98449612403101, 89.82558139534885, 89.82558139534885, 92.44186046511628, 93.6046511627907, 92.73255813953489, 93.31395348837209, 93.7984496124031, 94.57364341085271, 93.9922480620155, 93.4108527131783, 93.02325581395348, 94.0891472868217, 93.7984496124031, 92.63565891472868, 93.4108527131783, 92.05426356589147, 95.83333333333334, 93.8953488372093, 94.57364341085271, 94.18604651162791, 94.67054263565892, 94.96124031007753, 94.47674418604652, 94.37984496124031, 93.4108527131783, 94.86434108527132, 94.67054263565892, 93.12015503875969], [94.25742574257426, 92.67326732673268, 91.0891089108911, 93.86138613861385, 92.27722772277228, 93.66336633663367, 88.21782178217822, 94.25742574257426, 95.14851485148515, 90.0, 93.56435643564357, 95.94059405940594, 94.45544554455445, 95.84158415841584, 94.65346534653465, 95.64356435643563, 96.43564356435644, 93.46534653465348, 95.54455445544554, 93.76237623762376, 95.94059405940594, 94.95049504950495, 93.76237623762376, 94.25742574257426, 94.55445544554455, 93.76237623762376, 95.54455445544554, 90.89108910891089, 93.96039603960395, 95.34653465346534, 94.45544554455445], [90.73319755600815, 90.12219959266803, 90.32586558044807, 84.928716904277, 95.21384928716904, 91.0386965376782, 94.70468431771894, 95.01018329938901, 94.5010183299389, 90.32586558044807, 93.27902240325867, 94.60285132382892, 95.82484725050917, 94.5010183299389, 95.62118126272912, 91.75152749490834, 96.23217922606925, 91.75152749490834, 96.33401221995926, 94.70468431771894, 95.72301425661914, 94.60285132382892, 95.62118126272912, 94.29735234215886, 92.87169042769857, 94.80651731160896, 94.5010183299389, 96.13034623217924, 93.68635437881873, 93.9918533604888, 94.5010183299389], [87.21973094170403, 84.52914798206278, 89.34977578475336, 88.67713004484304, 89.91031390134529, 90.80717488789237, 93.72197309417041, 87.78026905829597, 89.57399103139014, 93.72197309417041, 87.5560538116592, 85.31390134529147, 92.48878923766816, 89.91031390134529, 92.9372197309417, 89.79820627802691, 89.01345291479821, 92.60089686098655, 92.9372197309417, 93.83408071748879, 86.99551569506725, 91.59192825112108, 93.49775784753363, 92.48878923766816, 92.9372197309417, 94.05829596412556, 93.60986547085201, 94.05829596412556, 93.16143497757847, 92.37668161434978, 92.71300448430493], [0.0, 96.4509394572025, 94.05010438413362, 96.4509394572025, 96.3465553235908, 93.63256784968684, 96.4509394572025, 94.57202505219206, 96.03340292275574, 96.4509394572025, 96.65970772442589, 95.19832985386222, 95.61586638830897, 94.98956158663883, 95.72025052192068, 96.76409185803759, 97.39039665970772, 96.76409185803759, 95.72025052192068, 95.72025052192068, 95.61586638830897, 96.03340292275574, 96.3465553235908, 97.39039665970772, 97.39039665970772, 96.5553235908142, 96.5553235908142, 96.65970772442589, 95.72025052192068, 97.7035490605428, 95.09394572025052], [92.21789883268482, 95.03891050583657, 94.74708171206225, 95.42801556420234, 94.55252918287937, 94.06614785992218, 93.28793774319067, 94.55252918287937, 94.74708171206225, 95.71984435797665, 93.19066147859922, 94.74708171206225, 95.71984435797665, 94.55252918287937, 95.13618677042801, 95.13618677042801, 95.71984435797665, 94.8443579766537, 95.62256809338521, 93.77431906614785, 94.94163424124513, 94.55252918287937, 94.64980544747081, 92.99610894941634, 94.64980544747081, 95.03891050583657, 94.8443579766537, 94.94163424124513, 95.52529182879378, 94.8443579766537, 95.42801556420234], [74.53798767967146, 92.1971252566735, 94.96919917864476, 87.37166324435319, 94.35318275154005, 94.76386036960986, 94.14784394250513, 95.58521560574948, 94.45585215605749, 90.96509240246407, 95.17453798767967, 95.07186858316223, 95.17453798767967, 96.30390143737166, 94.76386036960986, 90.86242299794661, 93.01848049281314, 94.25051334702259, 94.8665297741273, 93.73716632443532, 94.6611909650924, 94.45585215605749, 94.76386036960986, 94.35318275154005, 95.68788501026694, 95.37987679671458, 94.04517453798768, 95.7905544147844, 92.71047227926078, 94.14784394250513, 96.09856262833677], [90.18830525272547, 74.03369672943508, 91.67492566897918, 92.36868186323092, 87.90882061446978, 92.17046580773042, 88.30525272547077, 89.39544103072349, 90.8820614469772, 91.57581764122894, 93.7561942517344, 91.2784935579782, 86.22398414271557, 90.58473736372646, 88.40436075322101, 91.77403369672945, 87.31417244796829, 92.17046580773042, 88.40436075322101, 91.2784935579782, 91.57581764122894, 91.87314172447968, 90.18830525272547, 92.36868186323092, 92.07135777998018, 91.57581764122894, 91.57581764122894, 90.18830525272547, 90.78295341922696, 92.76511397423192, 91.47670961347869]], "eta": 5.0, "mini-batch size": 10, "epochs": 31, "no_improvement_in": 5}