{"test_accuracy": [9106, 9241, 9254, 9341, 9378, 9430, 9438, 9472, 9451, 9497, 9488, 9475, 9515, 9460, 9488, 9480, 9484, 9496], "acc_by_class": [[96.0204081632653, 97.0408163265306, 97.14285714285714, 97.85714285714285, 96.83673469387755, 98.26530612244898, 98.46938775510205, 97.95918367346938, 97.85714285714285, 98.57142857142858, 98.16326530612245, 97.85714285714285, 97.6530612244898, 98.67346938775509, 97.95918367346938, 97.95918367346938, 98.36734693877551, 97.0408163265306], [97.00440528634361, 98.59030837004406, 98.41409691629957, 98.6784140969163, 96.65198237885463, 98.76651982378854, 96.82819383259911, 97.97356828193833, 98.32599118942731, 98.14977973568281, 98.76651982378854, 98.14977973568281, 98.32599118942731, 97.70925110132158, 97.97356828193833, 98.23788546255507, 97.88546255506608, 98.59030837004406], [86.53100775193798, 92.34496124031007, 90.50387596899225, 84.68992248062015, 91.37596899224806, 92.63565891472868, 93.7984496124031, 93.8953488372093, 91.37596899224806, 93.7984496124031, 94.18604651162791, 93.9922480620155, 94.0891472868217, 92.24806201550388, 93.6046511627907, 93.7984496124031, 94.0891472868217, 93.31395348837209], [87.62376237623762, 93.76237623762376, 96.23762376237623, 92.37623762376238, 92.57425742574257, 96.03960396039604, 94.55445544554455, 92.07920792079209, 93.96039603960395, 94.95049504950495, 95.84158415841584, 94.05940594059405, 95.44554455445544, 93.06930693069307, 92.37623762376238, 96.83168316831683, 95.04950495049505, 94.95049504950495], [90.12219959266803, 90.83503054989816, 86.55804480651732, 95.11201629327903, 95.01018329938901, 94.60285132382892, 95.62118126272912, 94.90835030549898, 95.82484725050917, 94.90835030549898, 94.29735234215886, 93.38085539714868, 95.5193482688391, 95.11201629327903, 96.63951120162932, 94.29735234215886, 95.62118126272912, 94.09368635437882], [84.86547085201794, 88.67713004484304, 84.19282511210763, 94.17040358744396, 90.47085201793722, 91.70403587443946, 90.35874439461884, 95.06726457399103, 94.05829596412556, 92.48878923766816, 89.68609865470853, 93.27354260089686, 92.2645739910314, 94.50672645739911, 93.04932735426009, 89.12556053811659, 92.71300448430493, 94.17040358744396], [93.63256784968684, 94.1544885177453, 95.09394572025052, 95.4070981210856, 96.3465553235908, 96.86847599164928, 95.82463465553236, 96.13778705636743, 93.63256784968684, 96.5553235908142, 96.86847599164928, 97.18162839248434, 96.86847599164928, 95.30271398747391, 95.72025052192068, 97.28601252609603, 93.42379958246346, 98.22546972860125], [89.00778210116731, 90.36964980544747, 89.6887159533074, 91.05058365758755, 94.3579766536965, 94.64980544747081, 95.3307392996109, 94.8443579766537, 93.67704280155642, 94.16342412451361, 93.77431906614785, 93.96887159533074, 92.89883268482491, 92.70428015564202, 95.62256809338521, 93.48249027237354, 95.8171206225681, 94.26070038910505], [93.73716632443532, 84.80492813141683, 92.29979466119097, 91.88911704312115, 95.27720739219713, 89.42505133470226, 94.04517453798768, 91.88911704312115, 93.83983572895276, 91.58110882956879, 94.25051334702259, 91.78644763860369, 94.45585215605749, 93.94250513347022, 94.96919917864476, 92.81314168377823, 92.50513347022587, 92.29979466119097], [91.0802775024777, 92.26957383548068, 93.7561942517344, 92.76511397423192, 88.50346878097126, 89.29633300297324, 88.40436075322101, 92.17046580773042, 92.17046580773042, 93.95441030723488, 92.07135777998018, 93.35976214073341, 93.45887016848364, 92.56689791873141, 90.48562933597621, 93.26065411298316, 92.26957383548068, 92.26957383548068]], "eta": 6.0, "mini-batch size": 10, "epochs": 18, "no_improvement_in": 5}