{"test_accuracy": [9110, 9249, 9287, 9394, 9404, 9408, 9443, 9403, 9425, 9426, 9466, 9443, 9486, 9451, 9462, 9468, 9488, 9474, 9506, 9464, 9500, 9502, 9496, 9470, 9498, 9512, 9496, 9481, 9516, 9502, 9489, 9497, 9490, 9471, 9514, 9520, 9494, 9484, 9498, 9495, 9500, 9508, 9518, 9491, 9504, 9509], "acc_by_class": [[97.6530612244898, 98.77551020408163, 96.83673469387755, 96.63265306122449, 98.46938775510205, 98.06122448979592, 97.95918367346938, 97.85714285714285, 98.57142857142858, 98.36734693877551, 98.36734693877551, 98.46938775510205, 98.16326530612245, 98.87755102040816, 98.67346938775509, 98.16326530612245, 97.95918367346938, 98.46938775510205, 98.77551020408163, 98.46938775510205, 97.55102040816327, 98.67346938775509, 98.57142857142858, 98.57142857142858, 98.87755102040816, 98.67346938775509, 98.16326530612245, 98.87755102040816, 98.57142857142858, 98.87755102040816, 98.06122448979592, 98.67346938775509, 97.24489795918367, 98.46938775510205, 98.46938775510205, 98.57142857142858, 98.06122448979592, 98.46938775510205, 98.57142857142858, 98.26530612244898, 98.16326530612245, 98.67346938775509, 98.77551020408163, 98.57142857142858, 98.36734693877551, 98.57142857142858], [97.53303964757708, 98.32599118942731, 97.79735682819384, 98.41409691629957, 98.76651982378854, 98.59030837004406, 98.32599118942731, 97.88546255506608, 98.85462555066078, 99.11894273127754, 98.94273127753304, 98.6784140969163, 97.97356828193833, 98.32599118942731, 98.23788546255507, 98.76651982378854, 98.6784140969163, 98.41409691629957, 98.41409691629957, 98.6784140969163, 98.23788546255507, 98.50220264317181, 98.23788546255507, 98.6784140969163, 98.6784140969163, 98.41409691629957, 98.41409691629957, 97.97356828193833, 98.59030837004406, 98.6784140969163, 98.41409691629957, 98.76651982378854, 98.14977973568281, 98.06167400881057, 98.76651982378854, 98.85462555066078, 98.41409691629957, 97.97356828193833, 98.32599118942731, 98.59030837004406, 98.6784140969163, 98.50220264317181, 98.41409691629957, 98.23788546255507, 98.23788546255507, 99.20704845814979], [92.73255813953489, 90.60077519379846, 92.05426356589147, 94.0891472868217, 91.08527131782945, 92.44186046511628, 93.8953488372093, 92.63565891472868, 93.9922480620155, 94.18604651162791, 94.86434108527132, 93.7015503875969, 92.82945736434108, 93.4108527131783, 94.0891472868217, 94.37984496124031, 94.28294573643412, 93.9922480620155, 94.0891472868217, 95.83333333333334, 93.6046511627907, 95.93023255813954, 92.05426356589147, 95.34883720930233, 93.21705426356588, 93.6046511627907, 94.18604651162791, 95.05813953488372, 95.54263565891473, 94.96124031007753, 94.28294573643412, 94.96124031007753, 96.22093023255815, 94.18604651162791, 95.63953488372093, 94.47674418604652, 94.86434108527132, 92.73255813953489, 94.96124031007753, 92.92635658914729, 95.25193798449612, 95.63953488372093, 94.76744186046511, 93.7984496124031, 95.83333333333334, 93.9922480620155], [90.5940594059406, 91.2871287128713, 91.58415841584159, 89.60396039603961, 92.67326732673268, 94.45544554455445, 91.2871287128713, 91.68316831683168, 92.07920792079209, 91.2871287128713, 92.67326732673268, 90.89108910891089, 95.04950495049505, 92.97029702970298, 94.15841584158416, 94.25742574257426, 95.24752475247524, 94.35643564356435, 94.45544554455445, 95.14851485148515, 94.65346534653465, 92.87128712871288, 94.45544554455445, 94.95049504950495, 94.75247524752474, 94.75247524752474, 93.16831683168317, 91.58415841584159, 93.36633663366337, 94.85148514851485, 96.03960396039604, 93.36633663366337, 95.54455445544554, 92.87128712871288, 95.24752475247524, 94.85148514851485, 92.97029702970298, 95.34653465346534, 93.66336633663367, 95.34653465346534, 93.06930693069307, 93.56435643564357, 94.15841584158416, 94.95049504950495, 93.36633663366337, 94.95049504950495], [89.81670061099797, 90.73319755600815, 96.02851323828921, 93.07535641547861, 94.29735234215886, 94.90835030549898, 94.19551934826885, 96.33401221995926, 96.94501018329939, 96.63951120162932, 95.5193482688391, 95.62118126272912, 95.72301425661914, 97.35234215885947, 96.13034623217924, 96.74134419551935, 95.72301425661914, 95.41751527494908, 95.62118126272912, 94.60285132382892, 96.84317718940937, 94.80651731160896, 95.72301425661914, 96.43584521384929, 95.62118126272912, 95.21384928716904, 94.70468431771894, 95.9266802443992, 95.41751527494908, 95.82484725050917, 95.11201629327903, 95.01018329938901, 93.48268839103869, 96.94501018329939, 96.33401221995926, 95.31568228105907, 94.5010183299389, 96.23217922606925, 95.41751527494908, 97.14867617107943, 94.5010183299389, 95.41751527494908, 95.82484725050917, 94.70468431771894, 95.31568228105907, 95.11201629327903], [81.83856502242153, 88.67713004484304, 88.34080717488789, 92.60089686098655, 90.13452914798206, 89.57399103139014, 92.37668161434978, 90.91928251121077, 94.84304932735425, 92.9372197309417, 91.70403587443946, 93.38565022421524, 91.14349775784754, 91.81614349775785, 91.59192825112108, 90.24663677130044, 89.12556053811659, 91.81614349775785, 91.25560538116592, 91.92825112107623, 91.4798206278027, 93.04932735426009, 93.94618834080718, 90.47085201793722, 91.70403587443946, 93.49775784753363, 91.70403587443946, 92.60089686098655, 92.48878923766816, 92.2645739910314, 89.46188340807176, 92.71300448430493, 90.47085201793722, 93.83408071748879, 91.81614349775785, 91.70403587443946, 92.48878923766816, 93.04932735426009, 91.59192825112108, 92.71300448430493, 93.60986547085201, 93.16143497757847, 93.83408071748879, 92.82511210762333, 93.04932735426009, 93.60986547085201], [91.64926931106471, 95.51148225469728, 96.5553235908142, 97.59916492693111, 94.36325678496868, 95.61586638830897, 96.13778705636743, 96.86847599164928, 94.88517745302714, 93.42379958246346, 95.30271398747391, 93.63256784968684, 95.61586638830897, 94.78079331941545, 95.72025052192068, 95.92901878914405, 96.5553235908142, 96.3465553235908, 95.72025052192068, 92.90187891440502, 96.5553235908142, 94.88517745302714, 96.24217118997912, 93.73695198329854, 96.4509394572025, 96.3465553235908, 96.13778705636743, 96.03340292275574, 96.5553235908142, 94.67640918580375, 96.13778705636743, 96.76409185803759, 95.30271398747391, 94.57202505219206, 94.46764091858037, 95.19832985386222, 95.19832985386222, 95.82463465553236, 95.72025052192068, 95.72025052192068, 95.09394572025052, 94.67640918580375, 95.82463465553236, 95.92901878914405, 96.13778705636743, 95.4070981210856], [90.6614785992218, 92.12062256809338, 92.02334630350194, 93.96887159533074, 95.3307392996109, 92.99610894941634, 93.8715953307393, 92.80155642023347, 94.16342412451361, 94.8443579766537, 95.03891050583657, 95.52529182879378, 95.23346303501945, 94.64980544747081, 93.57976653696498, 94.8443579766537, 94.45525291828794, 94.26070038910505, 95.42801556420234, 94.74708171206225, 94.45525291828794, 94.45525291828794, 95.03891050583657, 93.48249027237354, 95.23346303501945, 94.45525291828794, 95.42801556420234, 95.62256809338521, 95.23346303501945, 93.48249027237354, 93.77431906614785, 94.74708171206225, 93.67704280155642, 95.3307392996109, 95.13618677042801, 95.91439688715954, 96.10894941634241, 94.55252918287937, 93.48249027237354, 94.94163424124513, 93.77431906614785, 94.16342412451361, 93.77431906614785, 93.8715953307393, 93.77431906614785, 94.55252918287937], [87.88501026694045, 85.21560574948666, 90.24640657084188, 92.50513347022587, 93.22381930184805, 93.22381930184805, 92.09445585215606, 94.76386036960986, 88.91170431211499, 91.68377823408625, 90.34907597535934, 94.45585215605749, 94.35318275154005, 93.83983572895276, 91.27310061601642, 93.01848049281314, 93.63449691991786, 90.96509240246407, 93.73716632443532, 92.40246406570843, 94.35318275154005, 94.04517453798768, 92.09445585215606, 92.40246406570843, 93.94250513347022, 92.1971252566735, 93.1211498973306, 92.1971252566735, 92.50513347022587, 94.45585215605749, 94.35318275154005, 90.86242299794661, 93.83983572895276, 93.22381930184805, 93.73716632443532, 93.42915811088297, 92.1971252566735, 92.09445585215606, 