{"test_accuracy": [9019, 9212, 9260, 9383, 9353, 9395, 9428, 9390, 9449, 9444, 9426, 9441, 9468, 9408, 9488, 9495, 9448, 9436, 9458, 9470, 9496, 9486, 9470, 9485, 9472, 9443, 9479, 9470, 9461, 9481, 9481], "acc_by_class": [[95.71428571428572, 96.22448979591837, 97.85714285714285, 96.73469387755102, 96.93877551020408, 98.57142857142858, 97.55102040816327, 98.36734693877551, 97.55102040816327, 97.14285714285714, 97.44897959183673, 98.06122448979592, 97.0408163265306, 97.34693877551021, 98.36734693877551, 97.75510204081633, 97.44897959183673, 97.75510204081633, 97.95918367346938, 97.14285714285714, 97.75510204081633, 97.6530612244898, 96.83673469387755, 98.46938775510205, 98.57142857142858, 97.6530612244898, 97.55102040816327, 98.46938775510205, 98.46938775510205, 98.46938775510205, 98.26530612244898], [97.97356828193833, 97.3568281938326, 98.14977973568281, 98.14977973568281, 98.06167400881057, 98.41409691629957, 98.32599118942731, 98.94273127753304, 98.41409691629957, 97.26872246696036, 98.41409691629957, 98.14977973568281, 98.50220264317181, 98.41409691629957, 98.50220264317181, 98.06167400881057, 98.14977973568281, 98.85462555066078, 97.88546255506608, 97.3568281938326, 98.59030837004406, 98.6784140969163, 98.6784140969163, 98.76651982378854, 98.59030837004406, 98.85462555066078, 98.41409691629957, 98.50220264317181, 98.32599118942731, 98.76651982378854, 98.32599118942731], [87.20930232558139, 92.15116279069767, 91.47286821705426, 94.47674418604652, 94.57364341085271, 95.25193798449612, 94.37984496124031, 94.47674418604652, 95.25193798449612, 94.37984496124031, 92.92635658914729, 95.93023255813954, 94.96124031007753, 92.44186046511628, 93.6046511627907, 95.44573643410853, 94.37984496124031, 94.67054263565892, 92.05426356589147, 94.47674418604652, 93.9922480620155, 93.4108527131783, 94.67054263565892, 94.37984496124031, 95.34883720930233, 91.56976744186046, 95.63953488372093, 95.63953488372093, 93.9922480620155, 95.44573643410853, 94.96124031007753], [89.4059405940594, 93.26732673267327, 82.87128712871286, 92.37623762376238, 92.27722772277228, 88.41584158415841, 92.97029702970298, 90.5940594059406, 91.68316831683168, 91.88118811881189, 92.67326732673268, 88.81188118811882, 93.26732673267327, 93.06930693069307, 93.26732673267327, 91.38613861386139, 91.38613861386139, 90.79207920792079, 91.88118811881189, 93.46534653465348, 93.66336633663367, 93.46534653465348, 93.56435643564357, 92.77227722772278, 94.65346534653465, 92.97029702970298, 93.06930693069307, 89.4059405940594, 92.67326732673268, 91.98019801980199, 90.99009900990099], [90.63136456211812, 93.38085539714868, 93.07535641547861, 90.93686354378818, 92.9735234215886, 93.9918533604888, 94.60285132382892, 89.0020366598778, 94.60285132382892, 95.62118126272912, 96.13034623217924, 94.09368635437882, 93.27902240325867, 96.5376782077393, 94.5010183299389, 96.02851323828921, 95.5193482688391, 94.90835030549898, 95.31568228105907, 95.41751527494908, 95.5193482688391, 95.11201629327903, 93.9918533604888, 96.13034623217924, 95.72301425661914, 92.87169042769857, 96.02851323828921, 96.13034623217924, 92.4643584521385, 95.41751527494908, 96.33401221995926], [81.61434977578476, 82.51121076233184, 95.62780269058297, 88.78923766816143, 91.4798206278027, 90.69506726457399, 86.7713004484305, 90.5829596412556, 91.25560538116592, 91.3677130044843, 89.46188340807176, 93.49775784753363, 89.79820627802691, 87.66816143497758, 90.35874439461884, 91.59192825112108, 92.48878923766816, 91.14349775784754, 92.152466367713, 91.70403587443946, 90.47085201793722, 89.79820627802691, 90.91928251121077, 91.25560538116592, 88.11659192825113, 91.59192825112108, 91.03139013452915, 91.81614349775785, 90.24663677130044, 92.2645739910314, 90.5829596412556], [94.67640918580375, 97.39039665970772, 93.1106471816284, 96.24217118997912, 94.88517745302714, 95.61586638830897, 95.92901878914405, 95.61586638830897, 95.82463465553236, 96.13778705636743, 95.19832985386222, 93.73695198329854, 95.19832985386222, 96.86847599164928, 95.82463465553236, 95.61586638830897, 95.82463465553236, 95.30271398747391, 95.72025052192068, 94.57202505219206, 95.61586638830897, 96.13778705636743, 95.61586638830897, 95.51148225469728, 95.4070981210856, 95.82463465553236, 94.88517745302714, 94.78079331941545, 96.13778705636743, 95.30271398747391, 95.82463465553236], [91.43968871595331, 92.89883268482491, 94.55252918287937, 93.57976653696498, 94.45525291828794, 93.09338521400778, 91.53696498054474, 93.67704280155642, 94.26070038910505, 93.77431906614785, 92.31517509727627, 93.77431906614785, 94.94163424124513, 94.16342412451361, 96.20622568093385, 94.64980544747081, 94.3579766536965, 93.8715953307393, 95.8171206225681, 95.8171206225681, 95.8171206225681, 95.23346303501945, 93.67704280155642, 93.77431906614785, 94.8443579766537, 95.3307392996109, 94.74708171206225, 95.8171206225681, 96.10894941634241, 95.03891050583657, 94.45525291828794], [81.3141683778234, 87.37166324435319, 87.782340862423, 92.1971252566735, 90.24640657084188, 91.88911704312115, 95.58521560574948, 92.81314168377823, 92.50513347022587, 93.01848049281314, 94.6611909650924, 94.04517453798768, 94.35318275154005, 93.32648870636551, 94.8665297741273, 94.14784394250513, 91.58110882956879, 92.09445585215606, 95.27720739219713, 93.63449691991786, 93.63449691991786, 94.14784394250513, 94.55852156057495, 92.40246406570843, 92.60780287474333, 92.91581108829568, 92.71047227926078, 94.6611909650924, 94.35318275154005, 91.47843942505133, 94.04517453798768], [90.08919722497522, 87.11595639246778, 91.17938553022795, 93.7561942517344, 88.60257680872151, 92.76511397423192, 94.05351833498513, 93.95441030723488, 92.76511397423192, 93.26065411298316, 92.56689791873141, 93.45887016848364, 94.44995044598612, 89.99008919722498, 92.46778989098117, 94.15262636273538, 93.06243805748265, 93.35976214073341, 91.2784935579782, 92.76511397423192, 93.65708622398414, 94.05351833498513, 93.65708622398414, 94.25173439048564, 92.17046580773042, 93.95441030723488, 92.9633300297324, 91.0802775024777, 92.46778989098117, 93.1615460852329, 93.55797819623389]], "eta": 6.0, "mini-batch size": 10, "epochs": 31, "no_improvement_in": 10}