{"test_accuracy": [9042, 9237, 9331, 9364, 9380, 9408, 9419, 9469, 9422, 9469, 9456, 9491, 9488, 9487, 9524, 9497, 9503, 9491, 9499, 9491], "acc_by_class": [[97.0408163265306, 98.06122448979592, 97.0408163265306, 96.42857142857143, 97.85714285714285, 96.93877551020408, 96.83673469387755, 97.95918367346938, 98.57142857142858, 97.34693877551021, 98.26530612244898, 98.06122448979592, 97.95918367346938, 98.06122448979592, 98.36734693877551, 98.46938775510205, 97.6530612244898, 98.87755102040816, 98.06122448979592, 98.67346938775509], [96.56387665198238, 97.53303964757708, 97.18061674008811, 98.41409691629957, 97.44493392070484, 98.50220264317181, 98.59030837004406, 97.88546255506608, 98.14977973568281, 97.79735682819384, 97.88546255506608, 98.50220264317181, 98.94273127753304, 98.41409691629957, 98.85462555066078, 98.06167400881057, 97.70925110132158, 98.41409691629957, 98.06167400881057, 97.97356828193833], [90.89147286821705, 91.37596899224806, 93.9922480620155, 94.96124031007753, 94.18604651162791, 95.83333333333334, 93.02325581395348, 94.57364341085271, 94.0891472868217, 93.7015503875969, 93.7015503875969, 95.05813953488372, 93.7015503875969, 95.25193798449612, 94.47674418604652, 95.05813953488372, 94.57364341085271, 95.44573643410853, 94.96124031007753, 94.18604651162791], [88.01980198019803, 88.11881188118812, 93.26732673267327, 90.79207920792079, 92.57425742574257, 91.88118811881189, 94.25742574257426, 92.77227722772278, 93.16831683168317, 91.88118811881189, 95.14851485148515, 93.06930693069307, 92.77227722772278, 94.05940594059405, 95.14851485148515, 94.55445544554455, 95.24752475247524, 93.26732673267327, 93.76237623762376, 94.15841584158416], [93.58452138492872, 88.79837067209776, 90.63136456211812, 92.76985743380855, 95.21384928716904, 94.60285132382892, 94.39918533604889, 95.5193482688391, 95.01018329938901, 94.39918533604889, 95.62118126272912, 94.5010183299389, 96.5376782077393, 94.70468431771894, 96.63951120162932, 96.02851323828921, 95.21384928716904, 95.41751527494908, 95.41751527494908, 94.60285132382892], [84.97757847533633, 89.01345291479821, 84.86547085201794, 85.87443946188341, 87.21973094170403, 88.11659192825113, 87.10762331838565, 90.47085201793722, 89.34977578475336, 90.91928251121077, 90.91928251121077, 91.25560538116592, 91.70403587443946, 91.14349775784754, 91.59192825112108, 90.5829596412556, 91.3677130044843, 91.59192825112108, 90.24663677130044, 90.91928251121077], [90.08350730688936, 95.30271398747391, 95.72025052192068, 96.24217118997912, 96.13778705636743, 95.72025052192068, 96.97286012526096, 96.76409185803759, 92.17118997912317, 96.4509394572025, 94.36325678496868, 95.92901878914405, 96.24217118997912, 93.94572025052193, 95.30271398747391, 96.13778705636743, 94.98956158663883, 94.05010438413362, 96.4509394572025, 94.67640918580375], [92.12062256809338, 92.70428015564202, 92.60700389105058, 92.89883268482491, 92.50972762645915, 93.77431906614785, 93.3852140077821, 93.67704280155642, 93.28793774319067, 95.03891050583657, 94.45525291828794, 94.16342412451361, 94.26070038910505, 94.06614785992218, 94.45525291828794, 93.96887159533074, 92.89883268482491, 95.13618677042801, 93.77431906614785, 94.94163424124513], [89.3223819301848, 89.83572895277207, 94.76386036960986, 93.73716632443532, 93.73716632443532, 91.47843942505133, 93.53182751540041, 94.25051334702259, 94.35318275154005, 94.76386036960986, 92.1971252566735, 93.63449691991786, 93.63449691991786, 93.73716632443532, 94.14784394250513, 93.63449691991786, 96.30390143737166, 93.53182751540041, 95.89322381930184, 94.96919917864476], [80.37661050545094, 92.07135777998018, 91.77403369672945, 92.9633300297324, 90.18830525272547, 92.76511397423192, 92.66600594648166, 92.36868186323092, 93.06243805748265, 93.95441030723488, 92.26957383548068, 94.15262636273538, 92.36868186323092, 94.44995044598612, 92.66600594648166, 92.46778989098117, 93.7561942517344, 92.56689791873141, 92.56689791873141, 93.26065411298316]], "eta": 3.5, "mini-batch size": 10, "epochs": 20, "no_improvement_in": 5}