{"test_accuracy": [9192, 9206, 9314, 9360, 9375, 9411, 9446, 9471, 9415, 9432, 9450, 9472, 9496, 9472, 9473, 9450, 9497, 9499, 9509, 9469, 9510, 9499, 9514, 9512, 9484, 9519, 9519, 9495, 9529, 9508, 9517, 9499, 9542, 9517, 9519, 9530, 9488, 9497], "acc_by_class": [[97.14285714285714, 94.28571428571428, 98.36734693877551, 97.95918367346938, 97.14285714285714, 97.34693877551021, 97.75510204081633, 98.26530612244898, 98.77551020408163, 97.0408163265306, 97.0408163265306, 98.06122448979592, 97.75510204081633, 98.16326530612245, 98.36734693877551, 98.16326530612245, 97.85714285714285, 98.67346938775509, 97.55102040816327, 98.46938775510205, 98.36734693877551, 97.34693877551021, 98.46938775510205, 98.57142857142858, 98.57142857142858, 98.57142857142858, 98.57142857142858, 98.06122448979592, 97.14285714285714, 98.36734693877551, 97.95918367346938, 98.26530612244898, 98.36734693877551, 98.36734693877551, 98.57142857142858, 98.06122448979592, 98.16326530612245, 97.95918367346938], [98.06167400881057, 98.14977973568281, 98.14977973568281, 97.97356828193833, 97.97356828193833, 98.41409691629957, 98.32599118942731, 98.50220264317181, 97.62114537444934, 98.23788546255507, 95.41850220264317, 98.06167400881057, 98.76651982378854, 98.59030837004406, 98.59030837004406, 98.41409691629957, 98.76651982378854, 98.85462555066078, 98.06167400881057, 98.59030837004406, 98.14977973568281, 97.62114537444934, 98.59030837004406, 98.50220264317181, 98.6784140969163, 98.41409691629957, 98.32599118942731, 98.59030837004406, 98.50220264317181, 98.32599118942731, 98.14977973568281, 98.41409691629957, 97.97356828193833, 98.50220264317181, 98.50220264317181, 98.50220264317181, 98.6784140969163, 97.79735682819384], [88.2751937984496, 89.53488372093024, 88.75968992248062, 92.82945736434108, 92.44186046511628, 94.28294573643412, 91.47286821705426, 92.15116279069767, 93.02325581395348, 93.02325581395348, 93.5077519379845, 92.34496124031007, 91.86046511627907, 88.95348837209302, 91.86046511627907, 93.02325581395348, 93.7015503875969, 94.0891472868217, 92.82945736434108, 94.76744186046511, 93.6046511627907, 94.76744186046511, 92.63565891472868, 94.37984496124031, 92.34496124031007, 94.57364341085271, 94.76744186046511, 92.24806201550388, 95.15503875968993, 93.8953488372093, 94.37984496124031, 94.47674418604652, 95.54263565891473, 94.57364341085271, 94.47674418604652, 93.5077519379845, 91.08527131782945, 94.57364341085271], [90.5940594059406, 93.06930693069307, 92.27722772277228, 91.2871287128713, 90.5940594059406, 93.56435643564357, 93.56435643564357, 91.58415841584159, 90.4950495049505, 92.77227722772278, 94.15841584158416, 91.68316831683168, 94.25742574257426, 93.26732673267327, 90.4950495049505, 92.37623762376238, 91.88118811881189, 93.76237623762376, 95.24752475247524, 94.25742574257426, 94.35643564356435, 94.05940594059405, 93.96039603960395, 91.2871287128713, 93.66336633663367, 94.65346534653465, 95.34653465346534, 94.75247524752474, 93.06930693069307, 93.56435643564357, 94.95049504950495, 94.55445544554455, 92.37623762376238, 94.35643564356435, 93.96039603960395, 94.65346534653465, 95.14851485148515, 89.60396039603961], [93.78818737270875, 94.5010183299389, 90.83503054989816, 91.44602851323829, 95.82484725050917, 92.87169042769857, 93.9918533604888, 96.5376782077393, 94.5010183299389, 93.48268839103869, 95.01018329938901, 93.27902240325867, 96.13034623217924, 96.13034623217924, 96.74134419551935, 93.89002036659878, 95.9266802443992, 95.72301425661914, 95.11201629327903, 94.80651731160896, 95.62118126272912, 95.5193482688391, 95.82484725050917, 95.31568228105907, 92.76985743380855, 95.72301425661914, 95.5193482688391, 95.21384928716904, 95.11201629327903, 96.43584521384929, 94.90835030549898, 95.9266802443992, 95.21384928716904, 96.33401221995926, 96.43584521384929, 96.43584521384929, 95.11201629327903, 95.11201629327903], [87.4439461883408, 82.62331838565022, 90.47085201793722, 88.34080717488789, 93.94618834080718, 87.89237668161435, 92.9372197309417, 93.27354260089686, 90.91928251121077, 91.59192825112108, 90.5829596412556, 93.72197309417041, 91.14349775784754, 92.9372197309417, 92.60089686098655, 93.94618834080718, 92.60089686098655, 93.72197309417041, 91.92825112107623, 93.72197309417041, 95.17937219730942, 90.91928251121077, 92.71300448430493, 93.94618834080718, 91.81614349775785, 91.92825112107623, 92.60089686098655, 93.27354260089686, 94.39461883408072, 93.94618834080718, 91.4798206278027, 90.35874439461884, 92.71300448430493, 92.60089686098655, 93.04932735426009, 93.04932735426009, 92.71300448430493, 95.73991031390135], [92.69311064718163, 96.65970772442589, 95.72025052192068, 96.5553235908142, 94.05010438413362, 95.82463465553236, 97.39039665970772, 96.24217118997912, 95.82463465553236, 96.24217118997912, 96.5553235908142, 98.01670146137788, 96.03340292275574, 97.80793319415449, 97.18162839248434, 96.4509394572025, 98.12108559498957, 96.03340292275574, 97.4947807933194, 95.82463465553236, 96.86847599164928, 96.86847599164928, 97.28601252609603, 95.09394572025052, 96.97286012526096, 97.07724425887265, 96.76409185803759, 94.88517745302714, 96.86847599164928, 96.3465553235908, 97.18162839248434, 96.3465553235908, 96.86847599164928, 96.5553235908142, 96.5553235908142, 96.3465553235908, 96.97286012526096, 96.4509394572025], [93.28793774319067, 92.50972762645915, 95.13618677042801, 95.3307392996109, 94.74708171206225, 94.94163424124513, 95.3307392996109, 95.42801556420234, 93.77431906614785, 95.8171206225681, 96.40077821011673, 95.23346303501945, 96.01167315175097, 96.3035019455253, 96.40077821011673, 95.42801556420234, 95.52529182879378, 95.52529182879378, 95.13618677042801, 95.91439688715954, 93.3852140077821, 95.52529182879378, 95.3307392996109, 95.13618677042801, 95.91439688715954, 95.42801556420234, 94.8443579766537, 93.96887159533074, 95.42801556420234, 95.71984435797665, 95.03891050583657, 95.91439688715954, 95.3307392996109, 94.3579766536965, 95.52529182879378, 95.23346303501945, 96.01167315175097, 95.3307392996109], [87.57700205338809, 89.73305954825463, 91.58110882956879, 92.40246406570843, 91.88911704312115, 92.1971252566735, 91.06776180698152, 95.89322381930184, 94.96919917864476, 92.50513347022587, 92.91581108829568, 93.63449691991786, 95.48254620123203, 93.1211498973306, 92.71047227926078, 90.86242299794661, 92.1971252566735, 93.22381930184805, 93.01848049281314, 90.14373716632443, 92.91581108829568, 93.22381930184805, 94.35318275154005, 94.8665297741273, 94.14784394250513, 92.71047227926078, 92.91581108829568, 94.6611909650924, 94.14784394250513, 93.42915811088297, 94.04517453798768, 92.81314168377823, 94.8665297741273, 92.60780287474333, 91.68377823408625, 94.96919917864476, 91.47843942505133, 93.83983572895276], [89.197224975223, 88.00792864222002, 89.39544103072349, 90.8820614469772, 88.50346878097126, 92.56689791873141, 92.26957383548068, 88.89990089197225, 91.0802775024777, 91.77403369672945, 92.9633300297324, 92.86422200198216, 91.47670961347869, 91.57581764122894, 91.87314172447968, 91.97224975222993, 92.56689791873141, 89.79187314172448, 93.95441030723488, 89.79187314172448, 92.36868186323092, 93.35976214073341, 91.77403369672945, 93.65708622398414, 92.86422200198216, 92.17046580773042, 91.67492566897918, 93.35976214073341, 92.66600594648166, 90.38652130822597, 92.9633300297324, 91.97224975222993, 94.44995044598612, 92.86422200198216, 92.56689791873141, 91.77403369672945, 92.86422200198216, 93.1615460852329]], "eta": 7.0, "mini-batch size": 10, "epochs": 38, "no_improvement_in": 5}