{"test_accuracy": [9073, 9179, 9303, 9287, 9391, 9403, 9408, 9420, 9416, 9428, 9405, 9420, 9455, 9437, 9453, 9438, 9436, 9473, 9456, 9474, 9506, 9476, 9464, 9480, 9490, 9480], "acc_by_class": [[97.14285714285714, 97.34693877551021, 97.34693877551021, 96.73469387755102, 98.36734693877551, 97.24489795918367, 97.55102040816327, 97.6530612244898, 97.95918367346938, 96.83673469387755, 98.16326530612245, 97.6530612244898, 97.34693877551021, 97.55102040816327, 97.95918367346938, 97.85714285714285, 98.06122448979592, 97.55102040816327, 97.85714285714285, 98.26530612244898, 97.55102040816327, 98.36734693877551, 97.24489795918367, 97.14285714285714, 97.85714285714285, 97.55102040816327], [97.97356828193833, 98.59030837004406, 98.06167400881057, 98.50220264317181, 98.94273127753304, 98.94273127753304, 98.85462555066078, 98.41409691629957, 98.85462555066078, 98.41409691629957, 98.06167400881057, 97.79735682819384, 98.94273127753304, 97.26872246696036, 98.94273127753304, 98.14977973568281, 98.06167400881057, 98.59030837004406, 98.76651982378854, 98.94273127753304, 98.41409691629957, 98.85462555066078, 99.03083700440529, 98.41409691629957, 98.50220264317181, 97.88546255506608], [87.98449612403101, 90.01937984496125, 91.08527131782945, 87.79069767441861, 92.44186046511628, 92.92635658914729, 93.21705426356588, 90.98837209302324, 93.31395348837209, 92.05426356589147, 92.82945736434108, 91.95736434108527, 90.89147286821705, 91.86046511627907, 92.24806201550388, 93.21705426356588, 92.63565891472868, 92.44186046511628, 91.37596899224806, 91.86046511627907, 92.44186046511628, 92.73255813953489, 91.95736434108527, 92.63565891472868, 92.15116279069767, 92.73255813953489], [91.88118811881189, 91.78217821782178, 93.76237623762376, 92.37623762376238, 93.26732673267327, 91.98019801980199, 91.48514851485149, 90.89108910891089, 91.1881188118812, 93.96039603960395, 92.57425742574257, 90.79207920792079, 94.55445544554455, 94.05940594059405, 92.77227722772278, 90.89108910891089, 90.99009900990099, 90.99009900990099, 90.89108910891089, 93.46534653465348, 94.25742574257426, 92.57425742574257, 94.35643564356435, 93.06930693069307, 93.76237623762376, 94.25742574257426], [93.78818737270875, 95.01018329938901, 89.91853360488798, 96.43584521384929, 94.90835030549898, 95.5193482688391, 93.58452138492872, 95.31568228105907, 93.78818737270875, 94.60285132382892, 96.63951120162932, 95.31568228105907, 95.01018329938901, 94.70468431771894, 95.9266802443992, 95.01018329938901, 95.9266802443992, 94.60285132382892, 96.33401221995926, 96.63951120162932, 95.21384928716904, 95.31568228105907, 95.11201629327903, 95.41751527494908, 96.43584521384929, 95.31568228105907], [76.45739910313901, 83.29596412556054, 89.01345291479821, 92.37668161434978, 90.5829596412556, 90.35874439461884, 92.9372197309417, 92.82511210762333, 89.91031390134529, 89.01345291479821, 91.03139013452915, 89.91031390134529, 90.80717488789237, 90.91928251121077, 95.17937219730942, 94.28251121076234, 91.3677130044843, 94.05829596412556, 94.95515695067265, 91.03139013452915, 93.04932735426009, 91.70403587443946, 89.57399103139014, 91.81614349775785, 93.38565022421524, 91.70403587443946], [94.78079331941545, 95.72025052192068, 95.82463465553236, 95.61586638830897, 95.51148225469728, 96.65970772442589, 93.94572025052193, 96.4509394572025, 96.4509394572025, 95.92901878914405, 96.65970772442589, 94.98956158663883, 97.4947807933194, 96.76409185803759, 94.98956158663883, 94.88517745302714, 94.36325678496868, 96.5553235908142, 94.36325678496868, 94.88517745302714, 96.86847599164928, 98.01670146137788, 96.5553235908142, 96.24217118997912, 96.4509394572025, 95.92901878914405], [91.63424124513618, 92.89883268482491, 93.28793774319067, 95.52529182879378, 93.96887159533074, 95.13618677042801, 95.13618677042801, 95.23346303501945, 94.8443579766537, 96.3035019455253, 94.94163424124513, 93.67704280155642, 94.74708171206225, 95.52529182879378, 95.52529182879378, 92.31517509727627, 95.03891050583657, 95.13618677042801, 96.10894941634241, 93.67704280155642, 95.52529182879378, 93.48249027237354, 94.16342412451361, 95.71984435797665, 94.8443579766537, 95.23346303501945], [87.16632443531827, 84.18891170431212, 89.01437371663245, 91.47843942505133, 89.5277207392197, 90.65708418891171, 91.47843942505133, 92.91581108829568, 93.73716632443532, 94.14784394250513, 90.24640657084188, 96.71457905544148, 93.01848049281314, 92.60780287474333, 91.78644763860369, 93.53182751540041, 94.8665297741273, 93.94250513347022, 93.63449691991786, 95.37987679671458, 93.83983572895276, 93.53182751540041, 94.45585215605749, 93.73716632443532, 94.14784394250513, 95.27720739219713], [86.32309217046581, 87.41328047571854, 91.97224975222993, 81.46679881070366, 90.68384539147671, 89.99008919722498, 91.87314172447968, 90.8820614469772, 90.68384539147671, 90.58473736372646, 88.70168483647176, 92.56689791873141, 91.97224975222993, 91.87314172447968, 89.59365708622398, 93.35976214073341, 91.67492566897918, 93.06243805748265, 90.98116947472745, 92.56689791873141, 92.9633300297324, 92.46778989098117, 93.06243805748265, 93.1615460852329, 91.0802775024777, 91.57581764122894]], "eta": 4.0, "mini-batch size": 10, "epochs": 26, "no_improvement_in": 5}