{"test_accuracy": [8283, 8423, 9211, 9266, 9295, 9349, 9346, 9362, 9394, 9402, 9419, 9412, 9405, 9405, 9444, 9427, 9451, 9446, 9428, 9490, 9447, 9413, 9478, 9446, 9468], "acc_by_class": [[97.75510204081633, 97.6530612244898, 97.34693877551021, 96.83673469387755, 98.9795918367347, 97.55102040816327, 98.67346938775509, 98.16326530612245, 98.26530612244898, 97.34693877551021, 98.46938775510205, 97.34693877551021, 97.55102040816327, 97.85714285714285, 98.16326530612245, 98.06122448979592, 97.44897959183673, 98.16326530612245, 97.75510204081633, 98.77551020408163, 98.16326530612245, 97.14285714285714, 97.55102040816327, 98.46938775510205, 97.6530612244898], [97.53303964757708, 98.41409691629957, 97.88546255506608, 98.32599118942731, 98.06167400881057, 98.23788546255507, 98.41409691629957, 97.88546255506608, 98.14977973568281, 97.97356828193833, 97.88546255506608, 97.88546255506608, 97.97356828193833, 97.79735682819384, 98.59030837004406, 98.50220264317181, 98.06167400881057, 97.97356828193833, 98.14977973568281, 98.32599118942731, 98.23788546255507, 97.79735682819384, 98.32599118942731, 98.14977973568281, 98.41409691629957], [90.89147286821705, 90.69767441860465, 93.12015503875969, 93.7984496124031, 92.73255813953489, 92.73255813953489, 90.50387596899225, 93.02325581395348, 94.28294573643412, 93.7984496124031, 91.95736434108527, 93.12015503875969, 91.47286821705426, 93.21705426356588, 94.37984496124031, 93.4108527131783, 94.47674418604652, 93.4108527131783, 93.12015503875969, 94.86434108527132, 93.7984496124031, 94.18604651162791, 93.21705426356588, 93.5077519379845, 93.7984496124031], [91.1881188118812, 87.72277227722772, 92.07920792079209, 91.2871287128713, 94.45544554455445, 87.72277227722772, 92.57425742574257, 93.66336633663367, 92.87128712871288, 90.4950495049505, 91.0891089108911, 93.46534653465348, 92.77227722772278, 92.97029702970298, 93.26732673267327, 92.67326732673268, 92.87128712871288, 94.55445544554455, 93.36633663366337, 94.05940594059405, 94.55445544554455, 93.56435643564357, 93.96039603960395, 94.55445544554455, 93.26732673267327], [91.75152749490834, 94.19551934826885, 93.89002036659878, 94.70468431771894, 95.5193482688391, 96.63951120162932, 95.62118126272912, 95.9266802443992, 96.23217922606925, 95.01018329938901, 95.01018329938901, 95.21384928716904, 93.48268839103869, 95.72301425661914, 95.62118126272912, 93.9918533604888, 95.82484725050917, 95.41751527494908, 95.11201629327903, 96.13034623217924, 94.70468431771894, 96.23217922606925, 96.74134419551935, 97.14867617107943, 95.72301425661914], [81.61434977578476, 89.34977578475336, 86.21076233183857, 84.64125560538116, 85.87443946188341, 90.47085201793722, 90.02242152466367, 88.78923766816143, 90.13452914798206, 91.4798206278027, 91.59192825112108, 89.68609865470853, 92.48878923766816, 90.69506726457399, 90.91928251121077, 91.92825112107623, 92.60089686098655, 90.24663677130044, 88.34080717488789, 91.81614349775785, 91.70403587443946, 89.79820627802691, 93.04932735426009, 89.68609865470853, 92.152466367713], [94.46764091858037, 96.4509394572025, 93.31941544885177, 96.24217118997912, 93.94572025052193, 94.98956158663883, 95.19832985386222, 94.46764091858037, 96.5553235908142, 95.19832985386222, 96.24217118997912, 96.4509394572025, 96.86847599164928, 96.76409185803759, 96.13778705636743, 96.65970772442589, 95.72025052192068, 96.86847599164928, 97.28601252609603, 95.82463465553236, 96.76409185803759, 96.97286012526096, 96.3465553235908, 96.24217118997912, 96.24217118997912], [94.16342412451361, 95.3307392996109, 91.82879377431907, 91.73151750972762, 93.67704280155642, 93.28793774319067, 93.48249027237354, 92.31517509727627, 92.31517509727627, 94.26070038910505, 93.48249027237354, 94.3579766536965, 90.56420233463035, 92.80155642023347, 93.3852140077821, 91.9260700389105, 93.09338521400778, 93.28793774319067, 91.43968871595331, 94.26070038910505, 92.70428015564202, 92.50972762645915, 93.3852140077821, 91.73151750972762, 94.45525291828794], [0.0, 1.2320328542094456, 86.85831622176592, 87.16632443531827, 86.44763860369609, 91.06776180698152, 89.83572895277207, 89.11704312114989, 89.42505133470226, 91.88911704312115, 94.55852156057495, 92.29979466119097, 93.94250513347022, 90.04106776180699, 92.1971252566735, 92.50513347022587, 93.22381930184805, 91.17043121149896, 93.63449691991786, 93.1211498973306, 89.63039014373717, 94.35318275154005, 92.40246406570843, 93.1211498973306, 92.09445585215606], [84.93557978196233, 88.10703666997026, 87.21506442021804, 90.38652130822597, 88.40436075322101, 91.47670961347869, 89.49454905847374, 91.87314172447968, 90.38652130822597, 92.07135777998018, 91.17938553022795, 90.58473736372646, 93.06243805748265, 91.97224975222993, 90.98116947472745, 92.46778989098117, 91.2784935579782, 92.76511397423192, 93.7561942517344, 91.17938553022795, 93.7561942517344, 88.10703666997026, 92.36868186323092, 91.2784935579782, 92.36868186323092]], "eta": 3.0, "mini-batch size": 10, "epochs": 25, "no_improvement_in": 5}